{
  "title": "メルビンのガジェット案内",
  "text": [
    {
      "text": "こんにちは、未来の、あるいは現在の鋳掛け屋たち。私の名前はメルヴィンだ。一度スライムプールに落ちて以来、スライムの実験が止まらないんだ。まだ鋳掛け屋の達人にはなれないけど、いつか僕の発見が鋳掛け屋の達人の仲間入りをさせてくれることを期待しているんだ。"
    },
    {
      "text": "この本には、私が作った発明品、新しいモディファイアを発見するための試み、そしてあらゆる種類のスライムを発見するための旅の一部が書かれています。道具作りとスライムの両方を極めようとするあなたの助けになることを願っています。",
      "paragraph": true
    }
  ]
}
